iso3,year,country,pes_gdp,pes_gdp_status,unemp,unemp_status,lfpr,lfpr_status,emp_rate,emp_rate_status,socx_gdp,socx_gdp_status,socx_row_absent
AUS,2010,Australia,,,5.315,A,76.434,A,72.371,A,16.544,A,0
AUS,2011,Australia,,,5.199,A,76.642,A,72.657,A,17.008,A,0
AUS,2012,Australia,,,5.343,A,76.43,A,72.346,A,17.301,A,0
AUS,2013,Australia,,,5.804,A,76.405,A,71.97,A,17.264,A,0
AUS,2014,Australia,,,6.215,A,76.309,A,71.567,A,17.868,A,0
AUS,2015,Australia,,,6.217,A,76.943,A,72.159,A,18.199,A,0
AUS,2016,Australia,,,5.872,A,76.899,A,72.384,A,17.483,A,0
AUS,2017,Australia,,,5.769,A,77.231,A,72.775,A,17.072,A,0
AUS,2018,Australia,,,5.47,A,77.743,A,73.49,A,16.626,A,0
AUS,2019,Australia,,,5.314,A,78.272,A,74.113,A,20.43,A,0
AUS,2020,Australia,0.209,A,6.617,A,77.484,A,72.357,A,22.635,A,0
AUS,2021,Australia,0.159,A,5.287,A,78.748,A,74.585,A,18.061,A,0
AUS,2022,Australia,0.145,A,3.804,A,79.956,A,76.914,A,17.067,A,0
AUS,2023,Australia,0.143,A,3.775,,80.237,,77.208,,,,1
AUS,2024,Australia,0.143,A,4.118,,80.374,,77.064,,,,1
AUT,2010,Austria,,,4.897,A,74.424,A,70.779,A,28.226,A,0
AUT,2011,Austria,,,4.63,A,74.551,A,71.099,A,27.403,A,0
AUT,2012,Austria,,,4.939,A,75.111,A,71.401,A,27.791,A,0
AUT,2013,Austria,,,5.421,A,75.506,A,71.413,A,28.267,A,0
AUT,2014,Austria,,,5.707,A,75.379,A,71.078,A,28.514,A,0
AUT,2015,Austria,,,5.821,A,75.5,A,71.105,A,28.441,A,0
AUT,2016,Austria,,,6.108,A,76.198,A,71.544,A,28.351,A,0
AUT,2017,Austria,,,5.577,A,76.426,A,72.164,A,27.981,A,0
AUT,2018,Austria,,,4.92,A,76.789,A,73.011,A,27.72,A,0
AUT,2019,Austria,,,4.551,A,77.06,A,73.553,A,27.837,A,0
AUT,2020,Austria,0.216,A,5.438,A,76.558,A,72.395,A,32.691,A,0
AUT,2021,Austria,0.223,A,6.267,A,77.241,A,72.4,A,31.991,A,0
AUT,2022,Austria,0.212,A,4.81,A,77.756,A,74.016,A,30.015,A,0
AUT,2023,Austria,0.202,A,5.165,,78.148,,74.112,,30.312,A,0
AUT,2024,Austria,0.211,A,5.223,,78.172,,74.089,,31.554,A,0
BEL,2010,Belgium,,,8.349,A,67.662,A,62.013,A,27.658,A,0
BEL,2011,Belgium,,,7.189,A,66.717,A,61.921,A,27.879,A,0
BEL,2012,Belgium,,,7.598,A,66.934,A,61.848,A,27.822,A,0
BEL,2013,Belgium,,,8.493,A,67.53,A,61.795,A,28.2,A,0
BEL,2014,Belgium,,,8.596,A,67.72,A,61.899,A,28.26,A,0
BEL,2015,Belgium,,,8.562,A,67.583,A,61.797,A,29.119,A,0
BEL,2016,Belgium,,,7.886,A,67.621,A,62.289,A,28.517,A,0
BEL,2017,Belgium,,,7.146,A,67.993,A,63.134,A,28.363,A,0
BEL,2018,Belgium,,,6.002,A,68.593,A,64.476,A,28.342,A,0
BEL,2019,Belgium,,,5.408,A,69.022,A,65.289,A,28.053,A,0
BEL,2020,Belgium,0.229,A,5.607,A,68.556,A,64.712,A,31.567,A,0
BEL,2021,Belgium,0.216,A,6.309,A,69.674,A,65.278,A,29.102,A,0
BEL,2022,Belgium,0.192,A,5.611,A,70.49,A,66.535,A,27.833,A,0
BEL,2023,Belgium,0.248,A,5.583,,70.512,,66.576,,28.283,A,0
BEL,2024,Belgium,0.262,A,5.763,,70.82,,66.738,,28.573,A,0
CAN,2010,Canada,,,8.274,A,77.998,A,71.544,A,18.425,A,0
CAN,2011,Canada,,,7.748,A,77.924,A,71.887,A,17.9,A,0
CAN,2012,Canada,,,7.514,A,78.032,A,72.169,A,18.065,A,0
CAN,2013,Canada,,,7.273,A,78.26,A,72.568,A,17.932,A,0
CAN,2014,Canada,,,7.151,A,77.949,A,72.375,A,17.848,A,0
CAN,2015,Canada,,,7.081,A,78.127,A,72.595,A,18.892,A,0
CAN,2016,Canada,,,7.16,A,78.137,A,72.542,A,19.188,A,0
CAN,2017,Canada,,,6.502,A,78.589,A,73.479,A,19.092,A,0
CAN,2018,Canada,,,5.908,A,78.659,A,74.012,A,19.118,A,0
CAN,2019,Canada,,,5.762,A,79.133,A,74.573,A,19.846,A,0
CAN,2020,Canada,0.135,A,9.742,A,77.669,A,70.103,A,25.894,A,0
CAN,2021,Canada,0.112,A,7.489,A,79.455,A,73.504,A,21.858,A,0
CAN,2022,Canada,0.112,A,5.294,A,79.811,A,75.586,A,19.331,A,0
CAN,2023,Canada,0.113,A,5.454,,80.262,,75.884,,,,1
CAN,2024,Canada,0.101,A,6.453,,79.819,,74.669,,,,1
CHE,2010,Switzerland,,,4.921,A,81.298,A,77.298,A,14.962,A,0
CHE,2011,Switzerland,,,4.516,A,82.049,A,78.344,A,14.925,A,0
CHE,2012,Switzerland,,,4.606,A,82.284,A,78.494,A,15.183,A,0
CHE,2013,Switzerland,,,4.878,A,82.396,A,78.377,A,15.462,A,0
CHE,2014,Switzerland,,,4.973,A,82.879,A,78.758,A,15.424,A,0
CHE,2015,Switzerland,,,4.918,A,83.285,A,79.19,A,15.893,A,0
CHE,2016,Switzerland,,,5.084,A,83.87,A,79.606,A,16.097,A,0
CHE,2017,Switzerland,,,4.962,A,83.949,A,79.784,A,16.271,A,0
CHE,2018,Switzerland,,,4.871,A,84.206,A,80.104,A,15.785,A,0
CHE,2019,Switzerland,,,4.52,A,84.295,A,80.485,A,15.996,A,0
CHE,2020,Switzerland,0.121,A,4.957,A,84.103,A,79.934,A,19.27,A,0
CHE,2021,Switzerland,0.113,A,5.172,A,83.942,A,79.601,A,17.468,A,0
CHE,2022,Switzerland,0.102,A,4.242,A,83.625,A,80.078,A,15.46,A,0
CHE,2023,Switzerland,0.095,A,4.144,A,84.137,A,80.65,A,15.474,A,0
CHE,2024,Switzerland,0.093,A,4.464,A,84.114,A,80.36,A,15.997,A,0
DEU,2010,Germany,,,7.161,A,76.642,A,71.154,A,26.685,A,0
DEU,2011,Germany,,,5.911,A,77.317,A,72.747,A,25.385,A,0
DEU,2012,Germany,,,5.462,A,77.221,A,73.003,A,25.285,A,0
DEU,2013,Germany,,,5.327,A,77.62,A,73.486,A,25.492,A,0
DEU,2014,Germany,,,5.077,A,77.743,A,73.796,A,25.43,A,0
DEU,2015,Germany,,,4.721,A,77.632,A,73.967,A,25.721,A,0
DEU,2016,Germany,,,4.213,A,77.936,A,74.653,A,25.922,A,0
DEU,2017,Germany,,,3.829,A,78.244,A,75.248,A,25.938,A,0
DEU,2018,Germany,,,3.464,A,78.646,A,75.921,A,26.041,A,0
DEU,2019,Germany,,,3.21,A,79.236,A,76.693,A,26.409,A,0
DEU,2020,Germany,0.321,A,4.021,A,78.55,A,75.392,A,29.471,A,0
DEU,2021,Germany,0.3,A,3.662,A,78.703,A,75.821,A,28.867,A,0
DEU,2022,Germany,0.283,A,3.208,A,79.501,A,76.95,A,27.718,A,0
DEU,2023,Germany,0.29,A,3.146,A,79.767,A,77.258,A,27.293,A,0
DEU,2024,Germany,0.299,A,3.463,A,80.232,A,77.454,A,27.854,A,0
DNK,2010,Denmark,,,7.76,A,77.95,A,71.901,A,29.876,A,0
DNK,2011,Denmark,,,7.865,A,77.789,A,71.67,A,29.994,A,0
DNK,2012,Denmark,,,7.886,A,77.198,A,71.11,A,30.237,A,0
DNK,2013,Denmark,,,7.441,A,76.522,A,70.828,A,29.956,A,0
DNK,2014,Denmark,,,7.032,A,76.55,A,71.167,A,30.033,A,0
DNK,2015,Denmark,,,6.266,A,76.906,A,72.087,A,30.066,A,0
DNK,2016,Denmark,,,5.943,A,77.422,A,72.821,A,29.517,A,0
DNK,2017,Denmark,,,5.888,A,77.882,A,73.297,A,29.024,A,0
DNK,2018,Denmark,,,4.983,A,78.196,A,74.3,A,28.762,A,0
DNK,2019,Denmark,,,4.882,A,79.035,A,75.176,A,28.741,A,0
DNK,2020,Denmark,0.375,A,5.689,A,78.961,A,74.47,A,29.566,A,0
DNK,2021,Denmark,0.355,A,4.941,A,79.552,A,75.622,A,28.091,A,0
DNK,2022,Denmark,0.334,A,4.052,A,80.339,A,77.083,A,25.475,A,0
DNK,2023,Denmark,0.334,A,4.83,A,80.717,A,76.818,A,26.314,A,0
DNK,2024,Denmark,0.338,A,6.231,A,82.404,A,77.27,A,26.423,A,0
ESP,2010,Spain,,,19.975,A,74.554,A,59.662,A,24.872,A,0
ESP,2011,Spain,,,21.518,A,74.925,A,58.802,A,25.496,A,0
ESP,2012,Spain,,,24.932,A,75.284,A,56.514,A,25.433,A,0
ESP,2013,Spain,,,26.219,A,75.311,A,55.565,A,25.574,A,0
ESP,2014,Spain,,,24.56,A,75.264,A,56.779,A,25.209,A,0
ESP,2015,Spain,,,22.179,A,75.451,A,58.717,A,24.493,A,0
ESP,2016,Spain,,,19.746,A,75.359,A,60.479,A,24.048,A,0
ESP,2017,Spain,,,17.33,A,75.067,A,62.058,A,23.578,A,0
ESP,2018,Spain,,,15.35,A,74.904,A,63.406,A,23.721,A,0
ESP,2019,Spain,,,14.189,A,74.964,A,64.327,A,24.345,A,0
ESP,2020,Spain,0.148,A,15.649,A,73.443,A,61.95,A,30.613,A,0
ESP,2021,Spain,0.146,A,15.038,A,74.937,A,63.669,A,28.415,A,0
ESP,2022,Spain,0.149,A,13.136,A,75.257,A,65.371,A,25.965,A,0
ESP,2023,Spain,0.134,A,12.26,A,75.802,A,66.508,A,25.933,A,0
ESP,2024,Spain,0.13,A,11.417,A,75.867,A,67.206,A,25.871,A,0
FIN,2010,Finland,,,8.515,A,74.634,A,68.279,A,27.519,A,0
FIN,2011,Finland,,,7.863,A,75.127,A,69.22,A,27.223,A,0
FIN,2012,Finland,,,7.756,A,75.39,A,69.543,A,28.532,A,0
FIN,2013,Finland,,,8.286,A,75.321,A,69.08,A,29.672,A,0
FIN,2014,Finland,,,8.729,A,75.48,A,68.891,A,30.438,A,0
FIN,2015,Finland,,,9.508,A,75.949,A,68.728,A,30.812,A,0
FIN,2016,Finland,,,8.944,A,76.037,A,69.237,A,30.801,A,0
FIN,2017,Finland,,,8.774,A,76.855,A,70.112,A,29.884,A,0
FIN,2018,Finland,,,7.468,A,78.035,A,72.207,A,29.588,A,0
FIN,2019,Finland,,,6.783,A,78.407,A,73.089,A,29.626,A,0
FIN,2020,Finland,0.163,A,7.884,A,78.419,A,72.237,A,31.569,A,0
FIN,2021,Finland,0.142,A,7.764,A,78.934,A,72.806,A,31.019,A,0
FIN,2022,Finland,0.164,A,6.85,A,79.931,A,74.456,A,29.623,A,0
FIN,2023,Finland,0.182,A,7.248,A,79.977,A,74.18,A,30.898,A,0
FIN,2024,Finland,0.185,A,8.485,A,79.492,A,72.747,A,31.437,A,0
FRA,2010,France,,,9.291,A,69.984,A,63.482,A,30.97,A,0
FRA,2011,France,,,9.256,A,69.852,A,63.386,A,30.645,A,0
FRA,2012,France,,,9.843,A,70.455,A,63.521,A,31.185,A,0
FRA,2013,France,,,10.361,A,70.886,A,63.542,A,31.592,A,0
FRA,2014,France,,,10.349,A,71.014,A,63.665,A,31.892,A,0
FRA,2015,France,,,10.441,A,71.256,A,63.816,A,31.705,A,0
FRA,2016,France,,,10.142,A,71.424,A,64.18,A,31.842,A,0
FRA,2017,France,,,9.482,A,71.519,A,64.737,A,31.511,A,0
FRA,2018,France,,,9.148,A,71.935,A,65.354,A,31.052,A,0
FRA,2019,France,,,8.53,A,71.654,A,65.542,A,30.759,A,0
FRA,2020,France,0.249,A,8.092,A,71.026,A,65.279,A,34.693,A,0
FRA,2021,France,0.255,A,7.921,A,73.03,A,67.246,A,32.718,A,0
FRA,2022,France,0.248,A,7.372,A,73.566,A,68.143,A,31.363,A,0
FRA,2023,France,0.243,A,7.407,A,73.911,A,68.437,A,30.637,A,0
FRA,2024,France,0.244,A,7.47,A,74.532,A,68.964,A,30.649,A,0
HUN,2010,Hungary,,,10.873,A,64.007,A,57.048,A,22.862,A,0
HUN,2011,Hungary,,,10.734,A,64.498,A,57.575,A,22.208,A,0
HUN,2012,Hungary,,,10.73,A,65.668,A,58.622,A,22.546,A,0
HUN,2013,Hungary,,,9.904,A,66.736,A,60.126,A,22.183,A,0
HUN,2014,Hungary,,,7.546,A,68.821,A,63.628,A,21.315,A,0
HUN,2015,Hungary,,,6.658,A,70.548,A,65.851,A,20.343,A,0
HUN,2016,Hungary,,,5.001,A,72.147,A,68.539,A,20.116,A,0
HUN,2017,Hungary,,,4.077,A,73.132,A,70.151,A,19.411,A,0
HUN,2018,Hungary,,,3.705,A,72.12,A,69.448,A,18.55,A,0
HUN,2019,Hungary,,,3.445,A,72.829,A,70.32,A,17.492,A,0
HUN,2020,Hungary,0.061,A,4.291,A,73.016,A,69.883,A,18.986,A,0
HUN,2021,Hungary,0.051,A,4.047,A,76.343,A,73.253,A,18.403,A,0
HUN,2022,Hungary,0.041,A,3.622,A,77.294,A,74.494,A,17.721,A,0
HUN,2023,Hungary,0.035,A,4.145,A,78.149,A,74.91,A,18.074,A,0
HUN,2024,Hungary,0.031,A,4.524,A,78.635,A,75.078,A,17.996,A,0
IRL,2010,Ireland,,,14.726,A,71.567,A,61.028,A,24.118,A,0
IRL,2011,Ireland,,,15.645,A,71.189,A,60.051,A,23.025,A,0
IRL,2012,Ireland,,,15.747,A,71.126,A,59.926,A,22.842,A,0
IRL,2013,Ireland,,,14.017,A,71.803,A,61.739,A,21.33,A,0
IRL,2014,Ireland,,,12.114,A,71.842,A,63.139,A,19.5,A,0
IRL,2015,Ireland,,,10.133,A,72.05,A,64.749,A,14.659,A,0
IRL,2016,Ireland,,,8.517,A,72.658,A,66.47,A,14.8,A,0
IRL,2017,Ireland,,,6.762,A,72.628,A,67.717,A,13.643,A,0
IRL,2018,Ireland,,,5.596,A,72.875,A,68.797,A,13.163,A,0
IRL,2019,Ireland,,,4.534,A,73.139,A,69.823,A,12.699,A,0
IRL,2020,Ireland,0.065,A,4.995,A,71.72,A,68.137,A,15.513,A,0
IRL,2021,Ireland,0.05,A,5.572,A,74.4,A,70.254,A,13.566,A,0
IRL,2022,Ireland,0.031,A,3.467,A,76.551,A,73.896,A,12.068,A,0
IRL,2023,Ireland,0.027,A,3.31,A,77.249,A,74.692,A,13.405,A,0
IRL,2024,Ireland,0.026,A,3.242,A,77.684,A,75.165,A,14.359,A,0
JPN,2010,Japan,,,5.296,A,74.026,A,70.106,A,20.981,A,0
JPN,2011,Japan,,,4.752,A,73.797,A,70.29,A,21.826,A,0
JPN,2012,Japan,,,4.558,A,73.934,A,70.563,A,21.773,A,0
JPN,2013,Japan,,,4.25,A,74.861,A,71.679,A,21.769,A,0
JPN,2014,Japan,,,3.767,A,75.503,A,72.659,A,21.539,A,0
JPN,2015,Japan,,,3.519,A,75.947,A,73.275,A,21.914,A,0
JPN,2016,Japan,,,3.274,A,76.858,A,74.342,A,21.965,A,0
JPN,2017,Japan,,,2.95,A,77.544,A,75.256,A,22.071,A,0
JPN,2018,Japan,,,2.569,A,78.853,A,76.827,A,22.191,A,0
JPN,2019,Japan,,,2.46,A,79.55,A,77.593,A,22.766,A,0
JPN,2020,Japan,0.052,A,2.959,A,79.622,A,77.266,A,24.762,A,0
JPN,2021,Japan,0.048,A,2.968,A,80.027,A,77.652,A,25.448,A,0
JPN,2022,Japan,0.048,A,2.745,A,80.602,A,78.389,A,24.736,A,0
JPN,2023,Japan,0.045,A,2.719,A,81.09,A,78.885,A,,,1
JPN,2024,Japan,0.045,A,2.629,A,81.525,A,79.381,A,,,1
KOR,2010,Korea,,,3.791,A,65.887,A,63.389,A,7.373,A,0
KOR,2011,Korea,,,3.478,A,66.219,A,63.916,A,7.337,A,0
KOR,2012,Korea,,,3.285,A,66.53,A,64.344,A,7.825,A,0
KOR,2013,Korea,,,3.219,A,66.778,A,64.628,A,8.297,A,0
KOR,2014,Korea,,,3.613,A,68.024,A,65.567,A,8.633,A,0
KOR,2015,Korea,,,3.691,A,68.436,A,65.91,A,9.052,A,0
KOR,2016,Korea,,,3.797,A,68.684,A,66.076,A,9.247,A,0
KOR,2017,Korea,,,3.765,A,69.236,A,66.629,A,9.473,A,0
KOR,2018,Korea,,,3.933,A,69.341,A,66.614,A,10.172,A,0
KOR,2019,Korea,,,3.829,A,69.483,A,66.823,A,11.423,A,0
KOR,2020,Korea,0.055,A,3.991,A,68.598,A,65.86,A,14.876,A,0
KOR,2021,Korea,0.067,A,3.642,A,69.04,A,66.525,A,15.222,A,0
KOR,2022,Korea,0.057,A,2.866,A,70.533,A,68.512,A,16.235,A,0
KOR,2023,Korea,0.06,A,2.692,A,71.142,A,69.227,A,15.359,A,0
KOR,2024,Korea,0.066,A,2.76,A,71.517,A,69.543,A,15.326,A,0
LUX,2010,Luxembourg,,,4.359,A,68.177,A,65.206,A,21.533,A,0
LUX,2011,Luxembourg,,,4.894,A,67.911,A,64.588,A,20.871,A,0
LUX,2012,Luxembourg,,,5.149,A,69.387,A,65.814,A,20.579,A,0
LUX,2013,Luxembourg,,,5.867,A,69.816,A,65.72,A,20.537,A,0
LUX,2014,Luxembourg,,,5.854,A,70.769,A,66.626,A,20.462,A,0
LUX,2015,Luxembourg,,,6.677,A,70.846,A,66.115,A,20.151,A,0
LUX,2016,Luxembourg,,,6.285,A,69.937,A,65.541,A,20.034,A,0
LUX,2017,Luxembourg,,,5.486,A,70.115,A,66.269,A,20.543,A,0
LUX,2018,Luxembourg,,,5.588,A,71.059,A,67.088,A,20.836,A,0
LUX,2019,Luxembourg,,,5.593,A,71.936,A,67.913,A,21.345,A,0
LUX,2020,Luxembourg,0.083,A,6.772,A,72.113,A,67.229,A,23.915,A,0
LUX,2021,Luxembourg,0.083,A,5.274,A,73.204,A,69.344,A,21.542,A,0
LUX,2022,Luxembourg,0.082,A,4.549,A,73.459,A,70.117,A,22.102,A,0
LUX,2023,Luxembourg,0.085,A,5.165,A,74.112,A,70.284,A,23.398,A,0
LUX,2024,Luxembourg,0.083,A,6.411,A,74.471,A,69.697,A,23.962,A,0
NLD,2010,Netherlands,,,5.033,A,77.902,A,73.981,A,18.317,A,0
NLD,2011,Netherlands,,,5.01,A,78.062,A,74.152,A,18.419,A,0
NLD,2012,Netherlands,,,5.869,A,79.003,A,74.366,A,18.897,A,0
NLD,2013,Netherlands,,,8.239,A,81.838,A,75.095,A,19.141,A,0
NLD,2014,Netherlands,,,8.378,A,81.48,A,74.654,A,19.03,A,0
NLD,2015,Netherlands,,,7.902,A,82.198,A,75.703,A,18.602,A,0
NLD,2016,Netherlands,,,7.021,A,82.21,A,76.438,A,18.443,A,0
NLD,2017,Netherlands,,,5.854,A,82.262,A,77.446,A,17.939,A,0
NLD,2018,Netherlands,,,4.855,A,82.766,A,78.748,A,17.586,A,0
NLD,2019,Netherlands,,,4.387,A,83.418,A,79.758,A,17.519,A,0
NLD,2020,Netherlands,0.151,A,4.861,A,83.4,A,79.346,A,21.178,A,0
NLD,2021,Netherlands,0.154,A,4.231,A,83.676,A,80.136,A,19.753,A,0
NLD,2022,Netherlands,0.124,A,3.504,A,84.73,A,81.761,A,17.709,A,0
NLD,2023,Netherlands,0.122,A,3.542,A,85.455,A,82.428,A,18.384,A,0
NLD,2024,Netherlands,0.12,A,3.685,A,85.485,A,82.335,A,18.873,A,0
NOR,2010,Norway,,,3.595,A,78.115,A,75.307,A,22.001,A,0
NOR,2011,Norway,,,3.289,A,77.843,A,75.283,A,21.446,A,0
NOR,2012,Norway,,,3.201,A,78.245,A,75.74,A,21.332,A,0
NOR,2013,Norway,,,3.505,A,78.153,A,75.414,A,21.782,A,0
NOR,2014,Norway,,,3.576,A,78.013,A,75.223,A,22.687,A,0
NOR,2015,Norway,,,4.418,A,78.24,A,74.783,A,24.531,A,0
NOR,2016,Norway,,,4.809,A,78.044,A,74.291,A,25.819,A,0
NOR,2017,Norway,,,4.268,A,77.311,A,74.011,A,24.952,A,0
NOR,2018,Norway,,,3.916,A,77.864,A,74.815,A,24.082,A,0
NOR,2019,Norway,,,3.782,A,78.259,A,75.3,A,25.055,A,0
NOR,2020,Norway,0.151,A,4.516,A,78.197,A,74.666,A,27.989,A,0
NOR,2021,Norway,0.17,A,4.526,A,79.913,A,76.296,A,23.358,A,0
NOR,2022,Norway,0.116,A,3.34,A,80.408,A,77.723,A,18.545,A,0
NOR,2023,Norway,0.125,A,3.713,A,80.371,A,77.387,A,22.318,A,0
NOR,2024,Norway,0.129,A,4.106,A,80.373,A,77.074,A,24.055,A,0
POL,2010,Poland,,,9.748,A,65.315,A,58.948,A,20.802,A,0
POL,2011,Poland,,,9.756,A,65.733,A,59.32,A,19.595,A,0
POL,2012,Poland,,,10.215,A,66.488,A,59.697,A,19.871,A,0
POL,2013,Poland,,,10.455,A,66.997,A,59.992,A,20.742,A,0
POL,2014,Poland,,,9.105,A,67.857,A,61.678,A,20.325,A,0
POL,2015,Poland,,,7.598,A,68.098,A,62.924,A,20.15,A,0
POL,2016,Poland,,,6.244,A,68.809,A,64.512,A,21.189,A,0
POL,2017,Poland,,,4.966,A,69.578,A,66.122,A,20.743,A,0
POL,2018,Poland,,,3.91,A,70.13,A,67.388,A,20.288,A,0
POL,2019,Poland,,,3.294,A,70.782,A,68.451,A,20.962,A,0
POL,2020,Poland,0.073,A,3.208,A,71.065,A,68.786,A,23.47,A,0
POL,2021,Poland,0.066,A,3.441,A,72.916,A,70.407,A,22.155,A,0
POL,2022,Poland,0.062,A,2.927,A,73.642,A,71.487,A,20.72,A,0
POL,2023,Poland,0.062,A,2.866,A,74.514,A,72.379,A,21.86,A,0
POL,2024,Poland,0.067,A,2.942,A,74.728,A,72.53,A,23.067,A,0
PRT,2010,Portugal,,,11.41,A,73.673,A,65.267,A,24.302,A,0
PRT,2011,Portugal,,,13.742,A,72.774,A,62.773,A,24.198,A,0
PRT,2012,Portugal,,,16.797,A,72.472,A,60.299,A,24.297,A,0
PRT,2013,Portugal,,,17.487,A,72.353,A,59.701,A,25.386,A,0
PRT,2014,Portugal,,,14.772,A,72.993,A,62.21,A,24.959,A,0
PRT,2015,Portugal,,,13.104,A,73.511,A,63.878,A,23.967,A,0
PRT,2016,Portugal,,,11.663,A,73.945,A,65.321,A,23.477,A,0
PRT,2017,Portugal,,,9.307,A,75.013,A,68.031,A,22.783,A,0
PRT,2018,Portugal,,,7.299,A,75.727,A,70.2,A,22.478,A,0
PRT,2019,Portugal,,,6.723,A,75.989,A,70.88,A,22.329,A,0
PRT,2020,Portugal,0.125,A,7.193,A,74.853,A,69.469,A,26.06,A,0
PRT,2021,Portugal,0.119,A,6.888,A,75.978,A,70.745,A,25.502,A,0
PRT,2022,Portugal,0.092,A,6.32,A,77.357,A,72.468,A,24.068,A,0
PRT,2023,Portugal,0.083,A,6.663,A,78.778,A,73.529,A,22.98,A,0
PRT,2024,Portugal,0.09,A,6.609,A,79.17,A,73.938,A,24.107,A,0
SWE,2010,Sweden,,,8.747,A,79.045,A,72.131,A,26.81,A,0
SWE,2011,Sweden,,,7.939,A,79.937,A,73.591,A,26.38,A,0
SWE,2012,Sweden,,,8.133,A,80.303,A,73.771,A,27.438,A,0
SWE,2013,Sweden,,,8.215,A,81.091,A,74.429,A,28.142,A,0
SWE,2014,Sweden,,,8.116,A,81.509,A,74.894,A,27.857,A,0
SWE,2015,Sweden,,,7.573,A,81.733,A,75.544,A,27.417,A,0
SWE,2016,Sweden,,,7.105,A,82.047,A,76.218,A,27.669,A,0
SWE,2017,Sweden,,,6.811,A,82.481,A,76.864,A,27.234,A,0
SWE,2018,Sweden,,,6.466,A,82.724,A,77.375,A,26.997,A,0
SWE,2019,Sweden,,,6.934,A,82.87,A,77.124,A,26.324,A,0
SWE,2020,Sweden,0.263,A,8.549,A,82.517,A,75.462,A,27.945,A,0
SWE,2021,Sweden,0.431,A,9.102,A,82.636,A,75.115,A,26.321,A,0
SWE,2022,Sweden,0.353,A,7.626,A,83.33,A,76.975,A,25.272,A,0
SWE,2023,Sweden,0.357,A,7.831,A,83.983,A,77.407,A,25.761,A,0
SWE,2024,Sweden,0.349,A,8.538,A,83.831,A,76.674,A,26.086,A,0
USA,2010,United States,,,9.767,A,73.908,A,66.689,A,19.048,A,0
USA,2011,United States,,,9.067,A,73.292,A,66.647,A,18.749,A,0
USA,2012,United States,,,8.165,A,73.105,A,67.137,A,18.483,A,0
USA,2013,United States,,,7.487,A,72.811,A,67.359,A,18.421,A,0
USA,2014,United States,,,6.255,A,72.697,A,68.15,A,18.41,A,0
USA,2015,United States,,,5.367,A,72.606,A,68.709,A,18.483,A,0
USA,2016,United States,,,4.934,A,72.952,A,69.353,A,18.588,A,0
USA,2017,United States,,,4.406,A,73.343,A,70.111,A,18.386,A,0
USA,2018,United States,,,3.938,A,73.626,A,70.727,A,18.153,A,0
USA,2019,United States,,,3.717,A,74.114,A,71.359,A,18.202,A,0
USA,2020,United States,0.023,A,8.094,A,72.977,A,67.07,A,23.677,A,0
USA,2021,United States,0.016,A,5.412,A,73.373,A,69.402,A,21.619,A,0
USA,2022,United States,0.016,A,3.698,A,74.007,A,71.27,A,18.98,A,0
USA,2023,United States,0.015,A,3.697,A,74.717,A,71.955,A,18.951,A,0
USA,2024,United States,0.014,A,4.088,A,74.923,A,71.86,A,19.814,A,0
